"ID","Description","GeneRatio","BgRatio","pvalue","p.adjust","qvalue","geneID","Count"
"GO:0006334","nucleosome assembly","49/2859","99/15025",6.92201771237378e-12,1.99625340651097e-08,1.69791923546589e-08,"MCM2/KAT6A/ASF1B/ASF1A/H2BC11/H3-3B/KAT6B/H4C8/CHAF1B/PADI4/TSPYL2/H1-5/H1-10/H2BC13/H2AX/H1-0/H4C3/H3C12/H4C11/H3C4/H4C16/H2BC12/H3C14/DAXX/BRD2/H2BC15/TSPY26P/H4C14/H4C12/H2BC14/H3C8/H2BC6/H4C6/H2BC17/H4C13/H3C11/H2BC9/H4C9/H2BC3/H4C5/H4C4/H2BC7/H3C7/H2BC10/H4C1/H4C2/H3C10/H3C2/H3C3",49
"GO:0061644","protein localization to CENP-A containing chromatin","17/2859","18/15025",7.99329005104055e-12,1.99625340651097e-08,1.69791923546589e-08,"CENPA/H2BC11/H4C8/H4C3/H4C11/H4C16/H4C14/H4C12/H4C6/H4C13/H4C9/H4C5/H2AC8/H4C4/H2AC4/H4C1/H4C2",17
"GO:0006335","DNA replication-dependent chromatin assembly","24/2859","32/15025",9.97129573681804e-12,1.99625340651097e-08,1.69791923546589e-08,"ASF1B/ASF1A/H4C8/CHAF1B/H4C3/H3C12/H4C11/H3C4/H4C16/H4C14/H4C12/H3C8/H4C6/H4C13/H3C11/H4C9/H4C5/H4C4/H3C7/H4C1/H4C2/H3C10/H3C2/H3C3",24
"GO:0034728","nucleosome organization","58/2859","133/15025",6.14472955494944e-11,9.22631142675659e-08,7.8474664553078e-08,"MCM2/SMARCD3/KAT6A/ASF1B/SUPT6H/ASF1A/H2BC11/H3-3B/ACTL6A/CHD1/KAT6B/H4C8/CHAF1B/PADI4/VPS72/CHD2/H2AC25/SETD2/RUVBL2/TSPYL2/H1-5/H1-10/H2BC13/H2AX/H1-0/H4C3/H3C12/H4C11/H3C4/H4C16/H2BC12/H3C14/DAXX/BRD2/H2BC15/TSPY26P/H4C14/H4C12/H2BC14/H3C8/H2BC6/H4C6/H2BC17/H4C13/H3C11/H2BC9/H4C9/H2BC3/H4C5/H4C4/H2BC7/H3C7/H2BC10/H4C1/H4C2/H3C10/H3C2/H3C3",58
"GO:0030099","myeloid cell differentiation","117/2859","360/15025",5.13924970188319e-10,6.17326674190208e-07,5.25069027436613e-07,"KMT2E/ARID4A/GAB2/CASP8/TGFBR3/JMJD6/CDC42/SLC25A40/KAT6A/PIR/RCOR1/TF/TREM2/EP300/BRD1/HIF1A/NFKBIA/MMP9/RASSF2/KAT8/RELB/JAK3/ITGB8/HOXA5/SH3PXD2A/FBXW7/ZBTB16/CD81/SH2B3/TMEM14C/NEDD9/RHAG/VEGFA/BCL6/FOXO3/CSF3R/GPR68/PTK2B/IAPP/PRXL2A/INHBA/GLO1/MT1G/THRA/KLF2/ZFP36/LIF/ATP5IF1/RARA/CD101/MYC/SKIC8/HAX1/PARP1/LBR/MEIS1/PIK3R1/NCAPG2/MFHAS1/OCSTAMP/LRRK1/KLF10/CD109/H4C8/C1QC/NBEAL2/TRIM58/IFI16/SNRK/IL31RA/DCSTAMP/PRDX3/LEO1/CTNNB1/TET2/INPP5D/GPR183/FASN/KLF13/FOS/JUNB/CEBPB/SP3/TRIB1/TRAF6/PTPN2/JUN/GBA1/MAF/CSF1R/ANXA2/CSF1/IRF7/ZFP36L1/EVI2B/MITF/H4C3/SRC/H4C11/H4C16/DLL1/PRMT6/L3MBTL3/MAFB/MPIG6B/LYN/CLEC5A/H4C14/H4C12/H4C6/H4C13/H4C9/RAB7B/H4C5/H4C4/H4C1/H4C2",117
"GO:0071824","protein-DNA complex subunit organization","85/2859","247/15025",6.19222792016178e-09,6.19842014808194e-06,5.27208457834125e-06,"RAD51/MCM2/BAZ2A/SMARCD3/KAT6A/ESR1/CDC45/MED15/CENPI/OIP5/ASF1B/MED26/SUPT6H/ASF1A/GMNN/CENPA/HELLS/CENPK/HJURP/H2BC11/THRA/DLGAP5/H3-3B/ACTL6A/MYC/CENPO/CENPE/TP53/CENPC/CENPH/CHD1/KAT6B/H4C8/MIS18A/CHAF1B/PADI4/VPS72/CDT1/CHD2/H2AC25/SETD2/RUVBL2/TSPYL2/H1-5/H1-10/H2BC13/H2AX/H1-0/H4C3/H3C12/H4C11/H3C4/H4C16/H2BC12/CENPW/H3C14/DAXX/BRD2/H2BC15/TSPY26P/TAF11L12/H4C14/GTF2H5/H4C12/H2BC14/H3C8/H2BC6/H4C6/H2BC17/H4C13/H3C11/H2BC9/H4C9/H2BC3/H4C5/H4C4/H2BC7/H3C7/H2BC10/H4C1/H4C2/H3C10/TAF11L11/H3C2/H3C3",85
"GO:0065004","protein-DNA complex assembly","75/2859","213/15025",1.5779480299115e-08,1.05301731862761e-05,8.95646992884269e-06,"RAD51/MCM2/BAZ2A/KAT6A/ESR1/CDC45/MED15/CENPI/OIP5/ASF1B/MED26/ASF1A/GMNN/CENPA/HELLS/CENPK/HJURP/H2BC11/THRA/DLGAP5/H3-3B/CENPO/CENPE/TP53/CENPC/CENPH/KAT6B/H4C8/MIS18A/CHAF1B/PADI4/CDT1/TSPYL2/H1-5/H1-10/H2BC13/H2AX/H1-0/H4C3/H3C12/H4C11/H3C4/H4C16/H2BC12/CENPW/H3C14/DAXX/BRD2/H2BC15/TSPY26P/TAF11L12/H4C14/GTF2H5/H4C12/H2BC14/H3C8/H2BC6/H4C6/H2BC17/H4C13/H3C11/H2BC9/H4C9/H2BC3/H4C5/H4C4/H2BC7/H3C7/H2BC10/H4C1/H4C2/H3C10/TAF11L11/H3C2/H3C3",75
"GO:0045638","negative regulation of myeloid cell differentiation","38/2859","84/15025",3.59056469337346e-08,2.01172425876617e-05,1.71107801458054e-05,"NFKBIA/HOXA5/FBXW7/ZBTB16/GPR68/PTK2B/IAPP/INHBA/ZFP36/RARA/MYC/SKIC8/MEIS1/PIK3R1/H4C8/C1QC/LEO1/CTNNB1/INPP5D/KLF13/TRIB1/PTPN2/ZFP36L1/H4C3/H4C11/H4C16/DLL1/MAFB/LYN/H4C14/H4C12/H4C6/H4C13/H4C9/H4C5/H4C4/H4C1/H4C2",38
"GO:0090329","regulation of DNA-templated DNA replication","29/2859","56/15025",3.6844766644069e-08,2.01172425876617e-05,1.71107801458054e-05,"RFC2/MCM2/MCM6/ZMPSTE24/MCM5/GINS1/METTL4/MCM4/RFC5/TIMELESS/FBXO5/MCM3/GMNN/BCL6/E2F8/GINS2/PCNA/RFC3/DSCC1/TICRR/GINS4/RFC4/MCM7/CDT1/SLFN11/GINS3/NUGGC/BLM/DACH1",29
"GO:0043068","positive regulation of programmed cell death","136/2859","473/15025",1.28921531148185e-07,6.45252263396667e-05,5.48821219879072e-05,"MARK4/BID/TNFRSF1B/BCLAF1/AIFM2/CASP8/HYAL2/GAL/CAMK2A/RPS6KA2/ING3/PTGS2/STK17B/CYLD/WNT11/B4GALT1/MMP2/NLRC4/ITGA6/GADD45B/TIMP3/HMOX1/MMP9/CD40/MYBL2/BMP7/RASSF2/E2F1/BMF/TRIM35/RIPK2/GRIK5/HOXA5/TGFBR1/NEURL1/FBXW7/CTSC/ZBTB16/MTCH2/ING4/BCL6/SFPQ/FOXO3/TCTN3/CD274/CLU/TNFRSF8/IAPP/INHBA/NR4A1/G0S2/PTGIS/ZBP1/CDKN1A/SOX4/BMP2/PLAGL2/ATF4/ALDH1A2/PRR7/TOP2A/BTG1/EIF2S1/AGT/IL10/MYC/MTCH1/THBS1/CASP6/PHLDA1/DUSP6/TP53/PMAIP1/SOD1/SIK1/IL19/BCL10/ADAMTSL4/MCL1/TP53BP2/PARP1/RHOB/SHQ1/GSN/ADM/LATS2/FOXO1/ADAM8/BCL2L11/KCNMA1/AIFM1/ACE/DFFA/RRP1B/DEDD2/SQSTM1/ATF3/S100A9/MNDA/ZC3H12A/HPGD/STK17A/MELK/RET/NKX3-1/SLC27A4/CTNNB1/INPP5D/ITGAM/KLF11/PHLDA3/DDIT3/PTPN2/FOSL1/NUPR1/PNMA1/JUN/SCRIB/NQO1/PHLDA2/HCAR2/BCAP31/BACE1/FZD9/LRRK2/SRC/HTT/QRICH1/UNC13B/TGM2/DDX3X/FNIP1/PNMA2/ECSCR/LYN/SOD2",136
"GO:0032496","response to lipopolysaccharide","88/2859","283/15025",6.31230021333928e-07,0.00023771532757606,0.00020218947451262,"ABCC8/CPS1/NR1H3/TNFRSF1B/CASP8/FGFR2/SCARB1/PTGS2/EDN1/CXCL2/TREM2/PCK2/NFKBIA/ACP5/SLC7A5/RIPK2/AKAP8/NFKB1/IL10RA/PPARD/OPRM1/IL1A/KMO/TNFAIP3/CD274/NR4A1/PTGER2/IL1B/NR1D1/TICAM1/ZFP36/LOXL1/JUND/LILRB2/RARA/GCH1/IRAK2/CDK4/EDNRB/IL10/CXCL9/BCL10/DUSP10/TNIP1/ALAD/ADM/NOCT/ACE/SPON2/PTGIR/CCR5/NLRP3/MAPKAPK2/S100A9/CLDN1/CXCL5/PPBP/CXCL1/ZC3H12A/HPGD/PRDX3/NOD2/SRR/PRDX2/CXCL8/FOS/CEBPB/RELA/TRIB1/TRAF6/RPS6KA3/THBD/IRAK1/CSF1/PDE4B/CNR2/NUGGC/CD55/ARID5A/SRC/PELI1/PDCD1LG2/ADH5/DIO2/MIF/LYN/MRC1/SOD2",88
"GO:0006260","DNA replication","87/2859","279/15025",6.38985397999296e-07,0.00023771532757606,0.00020218947451262,"RECQL/POLA2/BOD1L1/RFC2/RAD51/POLQ/POLD1/MCM10/NUCKS1/MCM2/MCM6/ZMPSTE24/ORC1/ORC6/CDC45/CDC6/BRPF3/MCM5/GINS1/SAMHD1/METTL4/NFAT5/DNAJA3/MCM4/RNASEH2A/CCNE1/DNAJC2/TNFAIP1/RFC5/TIMELESS/ING4/FBXO5/MCM3/GMNN/PPP2CA/BCL6/INO80D/RPA2/RBBP6/EREG/MCM8/DUT/E2F8/MAS1/GINS2/RPA1/PCNA/RFC3/ACTL6A/DSCC1/BCAR3/ACVRL1/TICRR/TP53/PARP1/CCNA2/GINS4/OBI1/EME1/CHAF1B/PTMS/S100A11/RFC4/DDX21/MCM7/FAM111A/PCLAF/RRM1/CDT1/FEN1/CDK1/ESCO2/RRM2/SLFN11/CCNE2/RMI2/RMI1/GINS3/RUVBL2/TRAIP/TSPYL2/FAM111B/NUGGC/BLM/MCMBP/TOP1/DACH1",87
"GO:0006268","DNA unwinding involved in DNA replication","15/2859","22/15025",6.56093890165317e-07,0.00023771532757606,0.00020218947451262,"RECQL/RAD51/MCM2/MCM6/CDC45/MCM5/GINS1/MCM4/MCM3/GINS2/RPA1/GINS4/MCM7/GINS3/BLM",15
"GO:0031667","response to nutrient levels","116/2859","403/15025",1.0140696469118e-06,0.00032990205616643,0.00028059916900217,"PDK4/VPS41/CPS1/GCLM/GABARAPL2/CASR/ATP2B1/PTGS2/ACAT1/RASAL2/BCKDHB/WNT11/HMOX1/MTMR3/PCK2/BMP7/LIPG/PHEX/SLC7A5/PRKAG2/PPARGC1A/HSPA8/CCND1/PPARD/OPRM1/GHR/CPEB4/IL1A/IGFBP2/ELAPOR1/ACADM/FOXO3/SPP1/DNMT3A/LRP11/CAT/CDKN1A/BBS2/ATG14/ZFP36/ATF4/ALDH1A2/CDKN2D/DAD1/APOE/NR1H2/RARA/CHSY1/LARS1/EIF2S1/HNRNPA1/SORL1/GABARAPL1/BNIP2/BBS4/TP53/WDR45B/PMAIP1/SOD1/SIK1/BCL10/UCN2/PSPH/SLC39A4/PLIN2/ALAD/ADM/FADS1/FOXO1/KLF10/SLC16A1/AIFM1/WIPI2/KCNB1/USF1/HLCS/ACE/SHANK2/AGL/ATF3/NUAK2/IFI16/ZC3H12A/RICTOR/MIOS/CYBB/AQP3/TMEM135/SLC27A4/NOD2/GPT/MN1/SIK2/FOS/BCL2/EIF2AK3/DDIT3/LPL/UCP2/A2M/RNF152/TYMS/MTHFR/ULK1/NIM1K/GBA1/RMI1/NQO1/SLC8A1/LRRK2/SRC/F5/BMPR2/FNIP1/MKKS/SOD2",116
"GO:0007059","chromosome segregation","104/2859","354/15025",1.30652881108283e-06,0.000374639960137,0.00031865112546135,"NCAPD2/CENPQ/SPDL1/NDC1/CDC42/TRIP13/SMC1A/NUP37/SMARCD3/BIRC5/KIF4A/CDC6/CDC23/REC8/RIOK3/OIP5/AKAP8/CCNE1/BCL7B/FBXW7/NCAPG/FBXO5/TENT4A/TTL/SFPQ/CDC20/NEK2/KIF14/UBE2B/NEK6/SLF2/DUSP1/NCAPH/MND1/ZWINT/CENPK/HJURP/XRCC3/DLGAP5/KNSTRN/TUBG1/TOP2A/CCNB1/CDCA8/ACTL6A/SMC2/DSCC1/NUSAP1/KIF23/KNL1/ACTR2/KIF11/CENPE/KIF2C/NUF2/ARL8A/FANCD2/CENPC/CDCA5/TLK2/NCAPG2/MKI67/INCENP/DSN1/SPC25/CENPH/EME1/MMS19/TTN/BUB1B/MIS18A/ANKLE1/RACGAP1/SPC24/SMC6/SMARCAD1/MAD2L1/NIPBL/PTTG1/NDEL1/CIAO2A/PLK1/CDT1/CTNNB1/FEN1/BUB1/ESCO2/UBE2C/CCNE2/RMI2/RMI1/AURKB/CDCA2/KIF18B/ANAPC7/MCMBP/TOP1/CENPW/DDX3X/KIFC1/MEIKIN/CHMP1B/CHMP4BP1/STAG3L4",104
"GO:0000819","sister chromatid segregation","72/2859","227/15025",2.9134698050929e-06,0.00067059673668565,0.00057037803654862,"NCAPD2/SPDL1/TRIP13/SMC1A/SMARCD3/BIRC5/KIF4A/CDC6/CDC23/REC8/AKAP8/BCL7B/FBXW7/NCAPG/FBXO5/TENT4A/SFPQ/CDC20/NEK2/KIF14/NEK6/SLF2/DUSP1/NCAPH/ZWINT/CENPK/XRCC3/DLGAP5/KNSTRN/TUBG1/TOP2A/CCNB1/CDCA8/ACTL6A/SMC2/DSCC1/NUSAP1/KIF23/KIF11/CENPE/KIF2C/NUF2/CENPC/CDCA5/NCAPG2/INCENP/DSN1/SPC25/TTN/BUB1B/RACGAP1/SPC24/MAD2L1/NIPBL/PTTG1/PLK1/CDT1/CTNNB1/FEN1/BUB1/ESCO2/UBE2C/RMI2/AURKB/KIF18B/ANAPC7/MCMBP/KIFC1/MEIKIN/CHMP1B/CHMP4BP1/STAG3L4",72
"GO:0006338","chromatin remodeling","100/2859","343/15025",3.01467064444099e-06,0.00067059673668565,0.00057037803654862,"PAX6/JARID2/BICRA/HLTF/MCM2/BAZ2A/SMARCD3/KAT6A/RAD54L/ESR1/BTAF1/CECR2/EP300/TTI1/SMCHD1/OIP5/DOT1L/ASF1B/BCL7B/SUPT6H/ASF1A/INO80D/KDM5B/DNMT3A/HELLS/HJURP/CHD6/H2BC11/DNMT1/H3-3B/KDM6B/ACTL6A/MYC/KDM6A/SUV39H2/CHD1/KAT6B/H4C8/MIS18A/CHAF1B/PADI4/SMARCAD1/VPS72/TASOR/DDX21/KMT2D/MECP2/CHD3/TADA2B/CHD2/MTHFR/H2AC25/SETD2/SATB1/RUVBL2/TSPYL2/H1-5/H1-10/H2BC13/H2AX/H1-0/H4C3/H3C12/H4C11/H3C4/H4C16/H2BC12/MIER1/TOP1/L3MBTL3/CENPW/H3C14/DAXX/BRD2/H2BC15/TSPY26P/KCNQ1OT1/TSIX/H4C14/H4C12/H2BC14/H3C8/H2BC6/H4C6/H2BC17/H4C13/H3C11/H2BC9/H4C9/H2BC3/H4C5/H4C4/H2BC7/H3C7/H2BC10/H4C1/H4C2/H3C10/H3C2/H3C3",100
"GO:0001525","angiogenesis","128/2859","465/15025",3.70393321753887e-06,0.00079449367516208,0.00067575894378632,"THSD7A/ABCC8/ADIPOR2/STAB1/ATP2B4/CASP8/FGFR2/SP100/PKM/ROCK1/JMJD6/VASH1/PTGS2/MYDGF/MCAM/EDN1/B4GALT1/MMP2/SEMA6A/NRP1/HMOX1/HIF1A/CD40/ANGPT4/PPP1R16B/KLF5/FLT1/ITGB8/HOXA5/HSPB1/TGFBR1/UNC5B/FBXW7/MDK/ADTRP/VEGFA/SPARC/IL1A/FN1/NRP2/TNFAIP3/ITGB1BP1/GNA13/HOXB3/PTK2B/CCR2/CXCR4/CALD1/MMP19/NR4A1/PTGIS/EREG/IL1B/C3/ID1/KLF2/DLL4/E2F8/SAT1/ATP5IF1/ANGPTL6/NINJ1/CHI3L1/BTG1/AGT/GPNMB/VEZF1/IL10/KLF4/THBS1/EMILIN1/ENPEP/ACVRL1/CDH13/ECM1/RHOB/MEIS1/COL8A1/PLK2/ADM/ADAM8/PDE3B/UBP1/ANGPT1/NODAL/MMP14/ACE/PLXDC1/PROK2/ZC3H12A/AGGF1/HEY1/CYBB/VSTM4/JCAD/SPRED1/MAPK7/CTNNB1/MECP2/NPR1/CXCL8/S1PR1/LRG1/COL8A2/EIF2AK3/EGFL7/HPSE/PTPRM/VEGFB/JUN/EGR3/SETD2/EPGN/ANXA2/CCBE1/TNFAIP2/HGS/SEMA4A/EPHB4/C5AR1/DLL1/MAP3K3/ADGRG1/SYNJ2BP/ECSCR/ITGB3/ADRA2B/PIK3R6",128
"GO:0050727","regulation of inflammatory response","94/2859","322/15025",5.56815642356754e-06,0.00111474491599822,0.00094814958328327,"IGF1/BIRC3/NR1H3/TNFRSF1B/HYAL2/FCGR2B/PTGS2/CYLD/MGST2/NLRC4/ESR1/TREM2/OSM/NFKBIA/MMP9/ACP5/MEFV/NFKB1/BST1/CTSC/MDK/CD81/PPARD/BCL6/TNFAIP3/CCR2/PTGIS/ZBP1/IL1B/C3/FFAR2/NR1D1/ZFP36/APOE/MAS1/NINJ1/ALOX5AP/DAGLA/AGT/EDNRB/AOAH/IL10/KLF4/SOD1/DUSP10/FANCD2/NFKBIZ/PLK2/TNIP1/PLA2G7/MFHAS1/PTGES/FCGR1A/ADAM8/RABGEF1/PIK3AP1/NCF1/SLAMF8/ACE/NAPEPLD/NLRP3/TNFAIP8L2/S100A9/S100A12/CD200R1/RICTOR/MAPK7/SMAD3/NOD2/PBK/FABP4/CEBPB/RELA/NR1D2/PTPN2/LPL/NUPR1/METRNL/GBA1/MACIR/NLRP10/SOCS3/FFAR3/FFAR4/PDE2A/LILRA5/CNR2/LRRK2/ADA/SRC/SUCNR1/AGER/NEAT1/LYN",94
"GO:0070542","response to fatty acid","25/2859","55/15025",6.89726068011687e-06,0.00133628863370264,0.00113658424721926,"PDK4/CPS1/DGAT2/PTGS2/EDN1/SCD/E2F1/PLAT/HES1/FOXO3/CAT/INSIG2/FFAR2/FFAR1/CDK4/ILDR1/ALAD/FOXO1/CLDN1/ZC3H12A/LPL/UCP2/PLCB1/FFAR3/SRC",25
"GO:0048660","regulation of smooth muscle cell proliferation","45/2859","126/15025",7.34548322193323e-06,0.00137865538221659,0.00117261941039612,"IGF1/FGFR2/PTGS2/EDN1/MMP2/HMOX1/MMP9/PPARGC1A/CDKN1B/PPARD/HBEGF/MEF2D/TNFAIP3/GNA13/CDKN1A/EREG/BMP2/APOE/DNMT1/AGT/IL10/THBS1/CDH13/MYOCD/LDLRAP1/PTGIR/DDR2/HPGD/NDRG2/FRS2/PHB1/CTNNB1/SF1/NPR1/S1PR1/TRIB1/JUN/ERN1/IRAK1/PRKG1/SRC/BMPR2/ITGB3/S1PR2/SOD2",45
"GO:0048659","smooth muscle cell proliferation","46/2859","130/15025",7.75351108328485e-06,0.00141113901715784,0.00120024846211105,"IGF1/FGFR2/PTGS2/EDN1/MMP2/HMOX1/MMP9/PPARGC1A/CDKN1B/PPARD/HBEGF/MEF2D/TNFAIP3/GNA13/CDKN1A/EREG/BMP2/APOE/DNMT1/AGT/IL10/THBS1/CDH13/MYOCD/LDLRAP1/PTGIR/DDR2/HPGD/NDRG2/FRS2/PHB1/CTNNB1/SF1/NPR1/S1PR1/TRIB1/DDIT3/JUN/ERN1/IRAK1/PRKG1/SRC/BMPR2/ITGB3/S1PR2/SOD2",46
"GO:1901652","response to peptide","121/2859","441/15025",8.02759112715162e-06,0.0014180503620492,0.00120612692693705,"PDK4/ABCC8/IGF1/CPS1/CASR/PKM/ROCK1/NUCKS1/GAL/TGFBR3/LRP6/CAMK2A/ATP2B1/FCGR2B/PTGS2/ACTN2/EDN1/RAB10/MMP2/PXN/CDC6/TREM2/PNPLA3/SRSF5/PCK2/NFKBIA/MMP9/BMP7/PHEX/TIMP1/EEF2K/CA2/RIPK2/PLAT/JAK3/NOD1/NFKB1/AREG/KLF3/CDKN1B/TIMELESS/GHR/ARHGEF2/TNFAIP3/FOXO3/IDE/GOT1/EGR1/SOCS2/CRY2/CAT/INHBA/EGR2/NR4A1/NCOA5/EREG/IL1B/INSIG2/ID1/KLF2/MAS1/JUND/PTPRE/SORT1/CDK4/AGT/TBC1D4/EDNRB/EPRS1/IL10/SORL1/BCAR3/PNPT1/USO1/HADH/SLC24A4/TP53/CACNA1A/RAB13/PARP1/CCNA2/PIK3R1/PHIP/ADM/FOXO1/PDE3B/BCL2L11/NR4A2/ZDHHC7/USF1/DDR2/FBP1/CYBB/NDEL1/SLC27A4/NOD2/GPT/AHCYL1/YWHAG/SIK2/FOS/KLF11/RELA/PTPN2/LPL/UCP2/PLCB1/SOCS3/ZFP36L1/FFAR3/IRS2/BACE1/GCNT1/SRC/MYO1C/AGER/GNRHR2/VAMP2/LYN/ITGB3/CYFIP1",121
"GO:1900262","regulation of DNA-directed DNA polymerase activity","10/2859","13/15025",9.9676677968741e-06,0.00166293924411183,0.00141441788942193,"RFC2/GINS1/RFC5/GINS2/PCNA/RFC3/DSCC1/GINS4/RFC4/GINS3",10
"GO:1900264","positive regulation of DNA-directed DNA polymerase activity","10/2859","13/15025",9.9676677968741e-06,0.00166293924411183,0.00141441788942193,"RFC2/GINS1/RFC5/GINS2/PCNA/RFC3/DSCC1/GINS4/RFC4/GINS3",10
"GO:0036293","response to decreased oxygen levels","81/2859","272/15025",1.08622360832353e-05,0.00172719554957683,0.00146907127996501,"CD38/CREBBP/CASR/TGFBR3/PTGS2/EDN1/MMP2/TREM2/HMOX1/EP300/HIF1A/BMP7/ANGPT4/E2F1/EEF2K/HMOX2/PLAT/CDKN1B/PPARD/VEGFA/SLC29A1/CPEB4/IL1A/FOXO3/DNMT3A/EGR1/PTK2B/CAT/CXCR4/PLAU/PTGIS/BMP2/ATF4/AJUBA/JUND/MYC/THBS1/ACVRL1/BNIP2/MYOCD/TP53/PMAIP1/ATP1B1/CCNA2/PAM/ALAD/ADM/ADAM8/SUV39H2/NR4A2/KCNMA1/AIFM1/MMP14/USF1/PINK1/ACE/CYGB/AK4/DDR2/CYBB/AQP3/SMAD3/NKX3-1/DDIT4/MECP2/FOS/BCL2/VEGFB/PLK3/UCP2/MTHFR/ADO/SLC8A1/IRAK1/ZFP36L1/ADA/SRC/MDM4/AGER/MALAT1/SOD2",81
"GO:0006979","response to oxidative stress","108/2859","387/15025",1.09279771701498e-05,0.00172719554957683,0.00146907127996501,"CD38/GCLM/AIFM2/HYAL2/ABCB11/PTGS2/EDN1/SLC25A24/MMP2/ATRN/SLC4A11/PXN/TREM2/ERMP1/HNRNPM/HMOX1/HIF1A/GSKIP/PSMB5/MMP9/BMP7/ADNP2/CYB5B/HMOX2/PON2/HSPB1/PPIF/AREG/FBXW7/PPARGC1A/NCOA7/IL1A/MPV17/DHCR24/SFPQ/PRDX1/TNFAIP3/FOXO3/PTK2B/CAT/PRDX4/CHD6/TRAP1/KLF2/MGAT3/ATF4/APOE/GCH1/KDM6B/PCNA/EIF2S1/PNPLA8/IL10/TXN/DUOX1/PNPT1/IDH1/DUOX2/TP53/SOD1/MCL1/PARP1/PYCR2/RHOB/FANCD2/SIGMAR1/ALAD/FOXO1/NR4A2/AIFM1/MMP14/NCF1/PPP1R15B/PINK1/CYGB/SELENON/DDR2/ZC3H12A/MELK/PRDX3/MAPK7/PRDX2/CTNNB1/SCARA3/CDK1/FOS/ETFDH/BCL2/RELA/PLK3/MSRB3/UCP2/FOSL1/JUN/ERN1/NQO1/SLC8A1/LRRK2/PPIA/VKORC1L1/SRC/HBA1/GPX3/DHFR/ETV5/HBB/PCGF2/SOD2",108
"GO:0098813","nuclear chromosome segregation","86/2859","295/15025",1.45275794801389e-05,0.00223724723994139,0.00190289725282359,"NCAPD2/CENPQ/SPDL1/NDC1/CDC42/TRIP13/SMC1A/SMARCD3/BIRC5/KIF4A/CDC6/CDC23/REC8/AKAP8/CCNE1/BCL7B/FBXW7/NCAPG/FBXO5/TENT4A/TTL/SFPQ/CDC20/NEK2/KIF14/UBE2B/NEK6/SLF2/DUSP1/NCAPH/MND1/ZWINT/CENPK/XRCC3/DLGAP5/KNSTRN/TUBG1/TOP2A/CCNB1/CDCA8/ACTL6A/SMC2/DSCC1/NUSAP1/KIF23/KNL1/ACTR2/KIF11/CENPE/KIF2C/NUF2/FANCD2/CENPC/CDCA5/NCAPG2/INCENP/DSN1/SPC25/EME1/TTN/BUB1B/ANKLE1/RACGAP1/SPC24/MAD2L1/NIPBL/PTTG1/PLK1/CDT1/CTNNB1/FEN1/BUB1/ESCO2/UBE2C/CCNE2/RMI2/RMI1/AURKB/KIF18B/ANAPC7/MCMBP/KIFC1/MEIKIN/CHMP1B/CHMP4BP1/STAG3L4",86
"GO:0060284","regulation of cell development","120/2859","442/15025",1.4909311982541e-05,0.00223863319417853,0.00190407608029662,"ABCC8/IFRD1/PAX6/IGF1/RUFY3/TNFRSF1B/RTN4R/FSTL4/SPEN/DIP2B/ASPM/ROCK1/CDC42/HLTF/SEMA3C/KIFAP3/FBLN1/SMARCD3/SEMA5B/AURKA/ARHGAP4/SEMA6A/TREM2/NRP1/HIF1A/BMP7/E2F1/SLC7A5/EEF2K/PTPRS/LIMK1/NEURL1/FBXW7/MDK/CORO1C/CAPRIN2/NEDD9/OPRM1/VEGFA/HES1/IL1A/FN1/TNR/DOCK7/KIF14/SPP1/ITGB1BP1/GPR68/HOXB3/CXCR4/EGR2/BHLHE41/PREX1/RREB1/IL1B/BMP2/ID1/NR1D1/YWHAH/LIF/DLL4/GFAP/PER2/EDNRB/SORL1/PARP6/ACTR2/TP53/CRABP2/DUSP10/NTRK2/TENM4/DOCK1/TRIM11/TIAM1/NODAL/NPTN/FAIM/SLAMF8/SYNJ1/ACE/NPR2/TRIM58/MELTF/HEY1/RET/SPINT1/NDEL1/SEMA6B/CTNNB1/MECP2/LIMS1/BCL2/TRIB1/CLCF1/ZDHHC21/ULK1/IST1/PLCB1/ANXA2/RFLNB/TACSTD2/NF2/SLIT1/SPRY4/TRPV2/LRRK2/RELN/SEMA4A/DLL1/SMURF1/TGM2/BMPR2/OLIG2/S1PR3/PLXNA4/LYN/ITGB3/S1PR2/CYFIP1",120
"GO:1901653","cellular response to peptide","92/2859","324/15025",2.32307437852852e-05,0.0034030206627908,0.00289444928344003,"PDK4/IGF1/CPS1/CASR/PKM/ROCK1/NUCKS1/CAMK2A/ATP2B1/FCGR2B/ACTN2/EDN1/RAB10/PXN/CDC6/TREM2/PNPLA3/SRSF5/PCK2/EEF2K/CA2/RIPK2/PLAT/JAK3/NOD1/NFKB1/KLF3/TIMELESS/GHR/ARHGEF2/FOXO3/IDE/GOT1/SOCS2/INHBA/NR4A1/NCOA5/IL1B/INSIG2/ID1/KLF2/MAS1/PTPRE/CDK4/AGT/TBC1D4/EPRS1/SORL1/BCAR3/USO1/TP53/CACNA1A/RAB13/PARP1/CCNA2/PIK3R1/PHIP/FOXO1/PDE3B/BCL2L11/NR4A2/ZDHHC7/USF1/DDR2/FBP1/NDEL1/SLC27A4/NOD2/GPT/AHCYL1/YWHAG/SIK2/FOS/KLF11/RELA/PTPN2/LPL/UCP2/PLCB1/SOCS3/ZFP36L1/FFAR3/IRS2/BACE1/SRC/MYO1C/AGER/GNRHR2/VAMP2/LYN/ITGB3/CYFIP1",92
"GO:0046394","carboxylic acid biosynthetic process","80/2859","274/15025",2.68254584648914e-05,0.00374683031488692,0.00318687759926849,"PDK4/MLXIPL/CPS1/NR1H3/CYP46A1/ATP2B4/ALDH18A1/BCAT1/OSBPL3/ACADVL/ABCB11/DHRS9/PTGS2/HACD3/EDN1/MGST2/NLRC4/ACOT7/SCD/HSD3B7/TECR/UPB1/MTHFD1/LIPG/BCAT2/PRKAG2/PTGDS/ERLIN1/UGDH/MECR/PLA2G4A/KMO/AKR1A1/GOT1/PTGIS/GOT2/IL1B/INSIG2/NR1D1/ALDH1A2/APOC1/NR1H2/PER2/PCBD2/BHMT2/ALOX5AP/FADS2/PNPLA8/CYP27A1/OSBPL1A/MGST3/CRABP2/PYCR2/ENOPH1/PSPH/PTGES/HSD17B12/APIP/FADS1/CBR1/HPGDS/FABP5/ALDH1A1/PCBD1/SRR/GGT6/GSTM4/FASN/GATM/LPL/SHMT1/MTHFR/DHFR2/ALOX15B/SEPHS2/GGTA1/DHFR/APOC2/MIF/AMACR",80
"GO:0050900","leukocyte migration","96/2859","345/15025",3.73445582953288e-05,0.00452143260314936,0.00384571786513204,"ITGA3/CD9/CNN2/ROCK1/CDC42/STK10/EDN1/CXCL2/B4GALT1/MMP2/ITGA6/TREM2/HSD3B7/HMOX1/RIN3/MMP9/CD99L2/FLT1/CCL22/IL27RA/BST1/MDK/CD81/SELPLG/NEDD9/ADTRP/VEGFA/IL1A/PIKFYVE/CSF3R/DUSP1/PTK2B/CCR2/CXCR4/PREX1/TREM1/IL1B/FFAR2/SBDS/NINJ1/ITGA7/EDNRB/MYO1G/IL10/THBS1/EMILIN1/CH25H/CXCL9/ECM1/ITGA9/PIK3R1/PLA2G7/PTPRO/ADAM8/RABGEF1/MMP14/SLAMF8/JAML/CCR5/S100A9/S100A12/CD200R1/CXCL5/PPBP/CXCL1/RET/NOD2/P2RY12/CXCL8/GPR183/S1PR1/VEGFB/CMKLR1/GBA1/TMEM102/CCL13/CSF1R/PLCB1/CSF1/PDE4B/GCNT1/SELL/CNR2/PPIA/HRH1/ADA/SRC/C5AR1/SPN/AGER/CKLF/MIF/LYN/ITGB3/CCL18/CCL3L3",96
"GO:0035296","regulation of tube diameter","42/2859","122/15025",3.99872675523196e-05,0.00452143260314936,0.00384571786513204,"CD38/ATP1A2/CPS1/GCLM/CASR/ROCK1/ATP2B1/PTGS2/EDN1/MMP2/ACTA2/PPARD/HRH2/RGS2/ECE1/ITGB1BP1/ADRA1A/BBS2/KLF2/APOE/GCH1/PER2/AGT/EDNRB/SOD1/ADM/KCNMA1/ACE/VSTM4/NPR1/P2RY2/ZDHHC21/SLC8A1/PRKG1/UTS2B/HRH1/AVPR1B/BMPR2/HBB/ADRA2B/MKKS/SOD2",42
"GO:0097746","blood vessel diameter maintenance","42/2859","122/15025",3.99872675523196e-05,0.00452143260314936,0.00384571786513204,"CD38/ATP1A2/CPS1/GCLM/CASR/ROCK1/ATP2B1/PTGS2/EDN1/MMP2/ACTA2/PPARD/HRH2/RGS2/ECE1/ITGB1BP1/ADRA1A/BBS2/KLF2/APOE/GCH1/PER2/AGT/EDNRB/SOD1/ADM/KCNMA1/ACE/VSTM4/NPR1/P2RY2/ZDHHC21/SLC8A1/PRKG1/UTS2B/HRH1/AVPR1B/BMPR2/HBB/ADRA2B/MKKS/SOD2",42
"GO:0070663","regulation of leukocyte proliferation","71/2859","239/15025",4.03404850253071e-05,0.00452143260314936,0.00384571786513204,"CD38/BID/IGF1/TNFRSF1B/TNFRSF9/CNN2/GAL/FCGR2B/IL12RB1/CD40/DNAJA3/CD276/RIPK2/IL27RA/RASAL3/JAK3/AHR/VSIR/PRKAR1A/BST1/CD81/PRLR/BCL6/HES1/IL1A/IGFBP2/TNFAIP3/CD274/CCR2/CDKN1A/IRF1/IL1B/TNFSF9/TICAM1/TWSG1/BST2/LILRB2/GPNMB/IL10/LRRC32/OCSTAMP/VSIG4/CD1D/ICOSLG/IKZF3/MNDA/CTNNB1/CCDC88B/INPP5D/GPR183/BCL2/LGALS9C/CEBPB/TRAF6/CLCF1/SCRIB/CSF1R/CLECL1P/CSF1/IRS2/CD55/ADA/SLC39A10/PELI1/SPN/PDCD1LG2/FCGR3A/AGER/MIF/LYN/RASSF5",71
"GO:0000727","double-strand break repair via break-induced replication","9/2859","12/15025",4.06522411871571e-05,0.00452143260314936,0.00384571786513204,"MCM2/MCM6/CDC45/MCM5/MCM4/MCM3/GINS2/GINS4/MCM7",9
"GO:0050673","epithelial cell proliferation","103/2859","377/15025",4.46270109550817e-05,0.00471639835764493,0.00401154656390116,"PAX6/BID/IGF1/RUNX3/FGFR2/TGFBR3/CDC42/VASH1/SCARB1/MYDGF/RAP1GAP/B4GALT1/ESR1/NRP1/HMOX1/HIF1A/PPP1R16B/FLT1/HOXA5/TGFBR1/LIPA/AREG/FBXW7/CCND1/MDK/CDKN1B/PPARD/VEGFA/SPARC/HES1/WDR48/KDM5B/RPS6KA1/NRP2/TNFAIP3/ITGB1BP1/NR4A1/RREB1/EREG/BMP2/ID1/NR1D1/ZFP36/DLL4/ALDH1A2/CDKN1C/APOE/ATP5IF1/CDK4/EDNRB/IL10/MYC/THBS1/ACVRL1/FGF7/CDH13/ECM1/DUSP10/COL8A1/CASK/CD109/NODAL/MMP14/JAML/SGPP2/CLDN1/PYGO2/PROK2/AGGF1/VSTM4/JCAD/BTRC/FRS2/SMAD3/NKX3-1/NOD2/CTNNB1/ATOH8/MTSS1/LRG1/COL8A2/CEBPB/EGFL7/PTPRM/VEGFB/SFN/NUPR1/JUN/ERN1/EGR3/EPGN/ZNF703/TACSTD2/ZFP36L1/IRS2/C5AR1/BMPR2/SYNJ2BP/NME1/NEAT1/ITGB3/UHRF1/DACH1",103
"GO:0034381","plasma lipoprotein particle clearance","17/2859","34/15025",4.51989149880274e-05,0.00471639835764493,0.00401154656390116,"ABCC8/MYLIP/MSR1/DGAT2/SCARB1/TREM2/HMOX1/LIPG/LIPA/EHD1/APOE/APOC1/IL19/NCEH1/LDLRAP1/ANXA2/APOC2",17
"GO:0009410","response to xenobiotic stimulus","97/2859","352/15025",5.14421260137242e-05,0.00498324852965205,0.00423851676646186,"CD38/ITGA3/ABCC8/CPS1/ABCC2/GCLM/CYP46A1/RAD51/GAL/ABCB11/PTGS2/SEMA3C/EDN1/RAD54L/RBM22/MMP2/SMOX/HMOX1/HNF4A/E2F1/CYB5B/AHR/ABCC3/CCND1/MDK/CDKN1B/ENO2/TENT4A/IGFBP2/CRYZ/FOXO3/UBE2B/DNMT3A/PTK2B/ADRA1A/CAT/CXCR4/INHBA/RAP2A/IL1B/FOSB/APOBEC3A/DAD1/MAS1/PCNA/CDK4/IL10/MYC/TPMT/SLCO2B1/THBS1/BCAR3/HADH/DUSP6/TP53/SOD1/EPHX1/NCEH1/PAM/PLIN2/ALAD/UCHL1/CBR1/CBR3/ACE/SHANK2/S100A12/ADCY1/FBP1/CYBB/SLITRK5/RET/MCM7/NKX3-1/VKORC1/SRR/CTNNB1/SCN11A/GSTM4/CDK1/FOS/BCL2/PTPRM/LPL/FOSL1/TYMS/MTHFR/JUN/NQO1/SLC8A1/PDE4B/SRC/CYP2F1/TOP1/LYN/ITGB3/SOD2",97
"GO:0010752","regulation of cGMP-mediated signaling","8/2859","10/15025",5.30440890057326e-05,0.00500264494523572,0.00425501444506878,"GUCA1A/RUNDC3A/PDE10A/PTK2B/THBS1/NPR2/NPR1/PDE2A",8
"GO:0050670","regulation of lymphocyte proliferation","65/2859","216/15025",5.45811614993851e-05,0.00504329932254319,0.00428959314585451,"CD38/BID/IGF1/TNFRSF1B/TNFRSF9/GAL/FCGR2B/IL12RB1/CD40/DNAJA3/CD276/RIPK2/IL27RA/RASAL3/JAK3/AHR/VSIR/PRKAR1A/BST1/CD81/PRLR/BCL6/HES1/IL1A/IGFBP2/CD274/CCR2/CDKN1A/IRF1/IL1B/TNFSF9/TICAM1/TWSG1/LILRB2/GPNMB/IL10/LRRC32/VSIG4/CD1D/ICOSLG/IKZF3/MNDA/CTNNB1/CCDC88B/INPP5D/GPR183/BCL2/LGALS9C/CEBPB/TRAF6/CLCF1/SCRIB/CLECL1P/IRS2/CD55/ADA/SLC39A10/PELI1/SPN/PDCD1LG2/FCGR3A/AGER/MIF/LYN/RASSF5",65
"GO:0000280","nuclear division","117/2859","441/15025",5.66824674842269e-05,0.00515810454106465,0.00438724106381106,"NCAPD2/ANLN/IGF1/SPDL1/RAD51/NDC1/CTDP1/ASPM/CDC42/RPS6KA2/TRIP13/SMC1A/MOV10L1/EDN1/SMARCD3/RAD54L/AURKA/TPX2/BIRC5/KIF4A/CDC6/CDC23/AAAS/RANBP1/REC8/MYBL2/BMP7/CCDC61/AKAP8/CCNE1/BCL7B/NCAPG/RAD51AP1/CDKN1B/FBXO5/TENT4A/IL1A/CDC20/NEK2/KIF14/UBE2B/NEK6/SLF2/DUSP1/NCAPH/MND1/ZWINT/CENPK/CKS2/KLHDC3/EREG/IL1B/XRCC3/DLGAP5/PRDM7/PKMYT1/LIF/KNSTRN/TUBG1/TOP2A/FIGNL1/CCNA1/CCNB1/CDCA8/ACTL6A/SMC2/DSCC1/NUSAP1/KIF23/ACTR2/KIF11/CENPE/KIF2C/NUF2/FANCD2/CENPC/PHIP/CDCA5/NCAPG2/MKI67/INCENP/DSN1/SPC25/BCL2L11/EME1/TTN/BUB1B/CCNB2/ANKLE1/RACGAP1/SPC24/SPDYA/KIF15/TASOR/MAD2L1/NIPBL/PTTG1/REEP3/NDEL1/PLK1/CDT1/BUB1/ESCO2/UBE2C/CCNE2/RMI1/AURKB/TDRKH/EPGN/PLCB1/CDCA2/KIF18B/ANAPC7/KIFC1/MEIKIN/CHMP1B/CHMP4BP1",117
"GO:0032102","negative regulation of response to external stimulus","97/2859","353/15025",5.79046157311116e-05,0.00519067346389636,0.00441494265739331,"ABCC8/CD9/PLAUR/IGF1/NR1H3/TNFRSF1B/RTN4R/FCGR2B/SEMA3C/EDN1/SEMA5B/CYLD/SEMA6A/TREM2/NRP1/TTLL12/RIN3/SAMHD1/RIOK3/ACP5/MEFV/PLAT/PTPRS/NFKB1/MDK/SH2B3/ADTRP/PPARD/TNR/TNFAIP3/SPP1/DUSP1/PLAU/PTGIS/BBS2/NR1D1/ZFP36/APOE/NR1H2/TRIM21/USP15/AOAH/IL10/KLF4/THBS1/BBS4/NLRC5/SOD1/DUSP10/PARP1/PLK2/CASK/MFHAS1/PTPRO/RABGEF1/VSIG4/CD109/SLAMF8/USF1/NLRP3/TNFAIP8L2/DCST1/IFI16/CD200R1/MAPK7/SMAD3/NOD2/SEMA6B/PRDX2/PBK/TRIB1/NR1D2/PTPN2/A2M/METRNL/GBA1/THBD/MACIR/RGMA/ANXA2/PROS1/SOCS3/PRKG1/YTHDF3/FFAR4/BACE1/SLIT1/CNR2/SEMA4A/AJAP1/ADA/PCBP2/SRC/SERPINB2/MIF/LYN/MKKS",97
"GO:0034599","cellular response to oxidative stress","74/2859","255/15025",6.56916454800883e-05,0.00572981508574906,0.00487351115746362,"AIFM2/EDN1/SLC25A24/MMP2/SLC4A11/PXN/TREM2/ERMP1/HMOX1/HIF1A/GSKIP/MMP9/BMP7/ADNP2/HSPB1/PPIF/FBXW7/PPARGC1A/NCOA7/MPV17/SFPQ/PRDX1/TNFAIP3/FOXO3/CAT/CHD6/TRAP1/KLF2/MGAT3/ATF4/GCH1/KDM6B/PCNA/EIF2S1/PNPLA8/IL10/TXN/PNPT1/TP53/SOD1/MCL1/PARP1/PYCR2/RHOB/FANCD2/SIGMAR1/FOXO1/NR4A2/AIFM1/NCF1/PINK1/SELENON/DDR2/ZC3H12A/MELK/PRDX3/MAPK7/PRDX2/CTNNB1/CDK1/FOS/BCL2/RELA/JUN/ERN1/NQO1/LRRK2/PPIA/VKORC1L1/SRC/DHFR/ETV5/PCGF2/SOD2",74
"GO:0006631","fatty acid metabolic process","94/2859","341/15025",6.58270464396745e-05,0.00572981508574906,0.00487351115746362,"PDK4/CROT/ADIPOR2/MLXIPL/NR1H3/MSMO1/DGAT2/ALDH3A2/ACADVL/ABCB11/PTGS2/HACD3/ACAT1/EDN1/ACOT7/SCD/TECR/PNPLA3/SLC25A17/PCK2/LIPG/PLA2G15/DECR1/PRKAG2/PTGR1/PTGDS/ERLIN1/PPARGC1A/ADTRP/PPARD/EHHADH/MECR/PLA2G4A/ACADM/ACOT2/ACAT2/FABP3/ACADS/PTGIS/IL1B/INSIG2/C3/ECHS1/IVD/APOC1/NR1H2/PER2/ALOX5AP/HSD17B4/DAGLA/FADS2/PNPLA8/ALDH1L2/AOAH/HADH/ETFA/SLC27A3/EPHX1/PAM/MMUT/PTGES/HSD17B12/FADS1/DBI/TYSND1/CPT2/CBR1/CYGB/HPGDS/BDH2/HPGD/ACSL6/FABP5/ACSF2/SLC27A4/NUDT8/GSTM4/FASN/ETFDH/LPL/MTLN/ALOX15B/ACOT1/IRS2/CYP4F8/ACSL5/CYP2F1/ADH5/ECI2/PLIN5/APOC2/PEDS1/MIF/AMACR",94
"GO:1902532","negative regulation of intracellular signal transduction","124/2859","474/15025",6.75919288658913e-05,0.00577233324155962,0.00490967510056414,"ITGA3/PLAUR/BID/HERPUD1/ATP2B4/CASP8/HYAL2/RPS6KA6/PTGS2/DGKD/FBLN1/CYLD/PEBP1/ESR1/SEMA6A/TREM2/TIMP3/PPM1A/HIF1A/MMP9/BMP7/RASSF2/RIOK3/RASAL3/HSPB1/PPIF/TNFAIP1/FOXM1/SH2B3/PDE10A/PDE4D/PPP2CA/BCL6/PLEK/ARHGEF2/RGS2/STMN1/TNFAIP3/UBE2B/ITGB1BP1/HELLS/DUSP1/DUSP4/CLU/ADRA1A/CIT/OPTN/STAMBP/OPRL1/IL1B/BMP2/NR1D1/TRAP1/LIF/CDKN2D/AJUBA/APOE/FIGNL1/AGT/MYC/SORL1/THBS1/UACA/EMILIN1/DUSP6/SLC24A4/MCL1/DUSP10/RASA1/TNIP1/TBC1D7/FOXO1/PDE3B/UCHL1/RABGEF1/DYRK1A/PINK1/SHANK2/NLRP3/ATF3/ZC3H12A/SPRY1/MIOS/FBP1/CARD19/WNK2/DDIAS/NDRG2/SPRED1/MAPK7/PHB1/CDT1/PBK/DDIT4/ARMC10/CAVIN3/BCL2/RELA/HEG1/PHLDA3/DDIT3/PTPN2/RNF152/GBA1/PER1/HAPSTR1/ADGRG3/DUSP8/MUC1/AIDA/NF2/PDE2A/MAGI2/SPRY4/LRRK2/PPIA/SRC/SYNJ2BP/DDX3X/FNIP1/MIF/LYN/CASTOR3P/SOD2",124
"GO:0050678","regulation of epithelial cell proliferation","89/2859","320/15025",7.19089644886224e-05,0.00591623617422831,0.0050320721652961,"PAX6/BID/IGF1/RUNX3/FGFR2/TGFBR3/CDC42/VASH1/MYDGF/RAP1GAP/B4GALT1/NRP1/HMOX1/HIF1A/PPP1R16B/FLT1/HOXA5/TGFBR1/AREG/FBXW7/CCND1/MDK/CDKN1B/PPARD/VEGFA/SPARC/HES1/WDR48/KDM5B/NRP2/TNFAIP3/NR4A1/RREB1/EREG/BMP2/ID1/NR1D1/ZFP36/DLL4/ALDH1A2/CDKN1C/APOE/ATP5IF1/CDK4/EDNRB/IL10/MYC/THBS1/ACVRL1/FGF7/CDH13/ECM1/DUSP10/CASK/CD109/NODAL/JAML/SGPP2/CLDN1/PYGO2/AGGF1/JCAD/FRS2/SMAD3/NKX3-1/NOD2/CTNNB1/ATOH8/MTSS1/LRG1/EGFL7/PTPRM/VEGFB/SFN/NUPR1/JUN/EGR3/EPGN/ZNF703/TACSTD2/ZFP36L1/IRS2/C5AR1/BMPR2/SYNJ2BP/NME1/NEAT1/ITGB3/UHRF1",89
"GO:0071900","regulation of protein serine/threonine kinase activity","94/2859","342/15025",7.41095143960342e-05,0.00601488842517002,0.00511598112893249,"TENM1/ATP2B4/HYAL2/LRP6/EDN1/CCNK/CDC6/CDKN3/CD40/BMP7/CAB39L/FLT1/CCNE1/PRKAG2/PRKAR1A/CCND1/SH2B3/CDKN1B/VEGFA/GHR/PPP2CA/RGS2/TNFAIP3/DUSP1/PTK2B/FLT3/CKS2/CDKN1A/IL1B/BMP2/PKMYT1/CDKN2D/AJUBA/CDKN1C/APOE/PPP1R1B/CCNA1/CCNB1/CAMK1/CCNH/CCNJL/AGT/SORL1/THBS1/MYOCD/PIK3R5/DUSP10/CALM2/CCNA2/INCENP/LATS2/ADAM8/UCHL1/CCNB2/CALM3/CCNF/S100A12/CCNL1/SPDYA/CDC25A/SPRY1/RICTOR/PLK1/NOD2/CDK12/PKIA/CKS1B/TRIB1/HEG1/TRAF6/CCNE2/SFN/GBA1/ERN1/CSF1R/EPGN/SLC8A1/DAZAP2/IRAK1/HGS/AIDA/SPRY4/LRRK2/SERTAD1/SRC/BLM/HTT/BMPR2/AGER/DDX3X/MIF/LYN/SPDYE10/PIK3R6",94
"GO:0051783","regulation of nuclear division","44/2859","133/15025",7.84124823668017e-05,0.00626883084876026,0.00533197260792428,"IGF1/SPDL1/CDC42/RPS6KA2/TRIP13/EDN1/AURKA/BIRC5/CDC23/BMP7/RAD51AP1/FBXO5/IL1A/CDC20/NEK2/UBE2B/DUSP1/ZWINT/EREG/IL1B/XRCC3/DLGAP5/PRDM7/PKMYT1/LIF/CCNB1/CDCA8/NUSAP1/NUF2/PHIP/MKI67/INCENP/SPC25/BUB1B/SPC24/MAD2L1/PLK1/CDT1/BUB1/AURKB/EPGN/PLCB1/CDCA2/ANAPC7",44
"GO:0036294","cellular response to decreased oxygen levels","45/2859","137/15025",7.93258648860773e-05,0.00626883084876026,0.00533197260792428,"CASR/PTGS2/EDN1/TREM2/HMOX1/HIF1A/BMP7/ANGPT4/E2F1/EEF2K/CDKN1B/PPARD/VEGFA/SLC29A1/CPEB4/FOXO3/DNMT3A/EGR1/PTGIS/ATF4/AJUBA/JUND/MYC/TP53/PMAIP1/CCNA2/ADAM8/SUV39H2/AIFM1/PINK1/AK4/DDR2/CYBB/AQP3/NKX3-1/FOS/BCL2/PLK3/ADO/SLC8A1/IRAK1/ZFP36L1/SRC/MDM4/MALAT1",45
"GO:0048871","multicellular organismal homeostasis","120/2859","458/15025",8.19812441312423e-05,0.00636791688197639,0.00541625052635635,"CD38/PDK4/ABCC8/ADIPOR2/MLXIPL/NCDN/AKAP11/NR1H3/HYAL2/ACADVL/PTGS2/TP53INP2/FH/TF/WHRN/SCD/VSIG1/ACP5/DECR1/HSPB1/CDH23/LIPA/CLCN3/PPARGC1A/RHAG/ACOT13/VEGFA/ARRDC3/LNPEP/PRLR/ACVR2B/IL1A/KDM3A/AMPD2/DOCK7/PRDX1/STMN1/TNFAIP3/SPP1/EGR1/PTK2B/IAPP/CCR2/CXCR4/G0S2/BBS2/IL1B/ID1/THRA/NR1D1/ATF4/NR1H2/PER2/KDM6B/LCA5/EDNRB/KLF4/HADH/TLE3/BBS4/SOD1/PRKACB/FLG/ILDR1/MUC4/PTGES/CDHR1/FOXO1/ADAM8/HOMER1/ANGPT1/LRRK1/CPT2/SQSTM1/NAPEPLD/CLDN1/ADGRV1/FABP5/DCSTAMP/ALDH1A1/AQP3/VSTM4/NOD2/MYO5B/CTNNB1/INPP5D/FABP4/CYTL1/S1PR1/GATM/BCL2/CEBPB/CMKLR1/NR1D2/TRAF6/DDIT3/UCP2/SFN/MEX3C/METRNL/GBA1/BBS10/CSF1R/TSKU/TMEM119/RP1L1/CSF1/MUC6/FFAR4/TRPV2/LAMA2/POTEI/SRC/DLL1/MUC2/DMD/DIO2/PLEKHM1/ITGB3/MKKS",120
"GO:0016042","lipid catabolic process","79/2859","278/15025",8.27002192464467e-05,0.00636791688197639,0.00541625052635635,"CROT/CPS1/CYP46A1/ACADVL/SCARB1/ABCB11/ACAT1/PLD1/MGST2/HSD17B14/ACOT7/PNPLA3/SLC25A17/PCK2/LIPG/GLA/PLA2G15/DECR1/LIPA/ADTRP/PPARD/EHHADH/PLA2G4A/ACADM/HSD11B1/SPP1/LDAH/ACAT2/ACADS/PLA2G12A/IL1B/GPCPD1/THRA/ECHS1/SRD5A3/YWHAH/IVD/APOE/APOC1/PPT1/HSD17B4/DAGLA/PNPLA8/CDK4/CYP27A1/ALDH1L2/AOAH/SORL1/IDH1/HADH/ETFA/NCEH1/PLA2G7/PDE3B/TYSND1/CPT2/NAPEPLD/BDH2/HPGD/SLC27A4/NUDT8/ETFDH/LPL/MTLN/GBA1/PNPLA2/FUCA1/PNPLA1/PLCB1/HCAR2/IRS2/PLA2G2C/GM2A/ECI2/LIPN/NEU4/PLIN5/APOC2/AMACR",79
"GO:0045786","negative regulation of cell cycle","97/2859","357/15025",9.19882115256286e-05,0.00683428909911688,0.00581292479415571,"RUNX3/SPDL1/RAD51/RPS6KA2/TRIP13/PTGS2/GTSE1/ORC1/UIMC1/BIRC5/WDR76/CLSPN/CDC45/CDC6/MSH2/WAC/BMP7/TTI1/E2F1/TRIM35/DOT1L/CCND1/CDKN1B/TIMELESS/FBXO5/GMNN/HECA/BCL6/ZBTB17/CDC20/SYF2/NEK2/RPA2/TNFAIP3/DUSP1/INHBA/ZWINT/NR4A1/CDKN1A/BMP2/XRCC3/LIF/E2F8/CDKN2D/CDKN1C/BTG1/CCNB1/CDCA8/GPNMB/IL10/KLF4/TICRR/MYOCD/TP53/NUF2/TP53BP2/INTS3/RHOB/FANCD2/CTDSPL/PLK2/INCENP/LATS2/FBXO4/SPC25/EME1/BUB1B/NPR2/SPC24/CCNF/MAD2L1/HPGD/PTTG1/PLK1/NKX3-1/CDT1/CTNNB1/PBK/BUB1/CDK1/BCL2/SLFN11/PLK3/NUPR1/AURKB/ALOX15B/SCRIB/CACNB4/GPR132/TSPYL2/MUC1/BRCC3/ZFP36L1/CENATAC/H2AX/BLM/DUX4",97
"GO:0046653","tetrahydrofolate metabolic process","11/2859","18/15025",9.80640552912776e-05,0.00701157995332635,0.00596372005424274,"MTHFD2/MTHFD1/GCH1/ALDH1L2/ATIC/ALDH1L1/TYMS/SHMT1/MTHFR/DHFR2/DHFR",11
"GO:0033674","positive regulation of kinase activity","115/2859","438/15025",0.00010426263268823,0.00710903747068396,0.00604661283369776,"CAMKK1/TENM1/GPRC5A/IGF1/LCP2/ATP2B4/FGFR2/CDC42/EDN1/EPHA6/WNT11/TPX2/DOCK3/CCNK/CLSPN/CDC6/TREM2/CD40/RASSF2/ANGPT4/CAB39L/FLT1/VAC14/PRKAG2/NEURL1/AREG/FBXW7/CCND1/MADD/CD81/CDKN1B/NEDD9/VEGFA/GHR/HBEGF/PRLR/PPP2CA/ACVR2B/KIF14/ITGB1BP1/MOB3B/EGR1/CLU/PTK2B/ADRA1A/PILRB/FLT3/CKS2/CDKN1A/EREG/IL1B/BMP2/ATG14/AJUBA/MAS1/CHI3L1/CCNB1/CAMK1/AGAP2/AGT/TXN/THBS1/CENPE/PIK3R5/BCL10/CALM2/NTRK2/INCENP/FCGR1A/ADAM8/RANBP2/ANGPT1/NRG1/NCF1/PINK1/ACE/CALM3/DDR2/S100A12/SPDYA/PRRC1/RICTOR/LMTK2/RET/PHB1/NOD2/P2RY12/MOB3A/CKS1B/TRAF6/ERN1/CSF1R/EPGN/DAZAP2/EPHA10/TNFAIP8L3/IRAK1/CSF1/ZFP91/LILRA5/LRRK2/RELN/PPIA/EPHB4/SRC/DAXX/BMPR2/AGER/DDX3X/MIF/LYN/ITGB3/ADRA2B/SPDYE10/PIK3R6",115
"GO:0007088","regulation of mitotic nuclear division","38/2859","111/15025",0.00010444333993989,0.00710903747068396,0.00604661283369776,"IGF1/SPDL1/CDC42/TRIP13/EDN1/AURKA/BIRC5/CDC23/BMP7/FBXO5/IL1A/CDC20/NEK2/DUSP1/ZWINT/EREG/IL1B/XRCC3/DLGAP5/PKMYT1/CCNB1/CDCA8/NUSAP1/NUF2/PHIP/MKI67/INCENP/SPC25/BUB1B/SPC24/MAD2L1/PLK1/CDT1/BUB1/AURKB/EPGN/CDCA2/ANAPC7",38
"GO:0033046","negative regulation of sister chromatid segregation","21/2859","49/15025",0.00010687239724658,0.00710903747068396,0.00604661283369776,"SPDL1/TRIP13/BIRC5/FBXO5/CDC20/DUSP1/ZWINT/XRCC3/CCNB1/CDCA8/NUF2/INCENP/SPC25/BUB1B/SPC24/MAD2L1/PTTG1/PLK1/CDT1/BUB1/AURKB",21
"GO:0033048","negative regulation of mitotic sister chromatid segregation","21/2859","49/15025",0.00010687239724658,0.00710903747068396,0.00604661283369776,"SPDL1/TRIP13/BIRC5/FBXO5/CDC20/DUSP1/ZWINT/XRCC3/CCNB1/CDCA8/NUF2/INCENP/SPC25/BUB1B/SPC24/MAD2L1/PTTG1/PLK1/CDT1/BUB1/AURKB",21
"GO:2000816","negative regulation of mitotic sister chromatid separation","21/2859","49/15025",0.00010687239724658,0.00710903747068396,0.00604661283369776,"SPDL1/TRIP13/BIRC5/FBXO5/CDC20/DUSP1/ZWINT/XRCC3/CCNB1/CDCA8/NUF2/INCENP/SPC25/BUB1B/SPC24/MAD2L1/PTTG1/PLK1/CDT1/BUB1/AURKB",21
"GO:0007565","female pregnancy","50/2859","159/15025",0.00011482553682766,0.00741550724932182,0.00630728160978649,"CD38/FKBP4/ITGA3/ABCC8/PRDM1/PTGS2/FBLN1/OVGP1/MMP2/ESR1/MMP9/TIMP1/PPARD/VEGFA/LNPEP/PRLR/IGFBP2/RGS2/SPP1/IL1B/FOSB/APOL2/LIF/RARA/H3-3B/AGT/SOD1/PARP1/PAM/ADM/NODAL/ACE/TPPP3/HPGD/CTSB/PRDX3/FOS/PSG6/JUNB/BCL2/SP3/UCP2/FOSL1/THBD/PAPPA/YTHDF3/BMPR2/PSG4/ITGB3/ADRA2B",50
"GO:1905952","regulation of lipid localization","46/2859","143/15025",0.00011675474068597,0.0074598826868081,0.00634502526930608,"NR1H3/MSR1/GAL/SCARB1/EDN1/TREM2/NFKBIA/PLTP/LIPG/NFKB1/EHD1/PPARD/IL1A/PLA2G4A/KDM5B/SPP1/CRY2/FABP3/IL1B/C3/APOE/APOC1/NR1H2/AGT/EPRS1/THBS1/PLIN2/PTGES/TTC39B/DBI/LDLRAP1/ZC3H12A/NKX3-1/ARV1/PTPN2/LPL/PNPLA2/ABCA13/ANXA2/IRS2/ACSL5/AVPR1B/PLIN5/APOC2/MIF/ITGB3",46
"GO:2000630","positive regulation of miRNA metabolic process","22/2859","53/15025",0.00013084605451184,0.0081016639525584,0.0068908942218774,"HIF1A/KLF5/NFKB1/FOXO3/EGR1/BMP2/NR1H2/IL10/KLF4/MYC/PNPT1/MYOCD/TP53/ZC3H12A/SMAD3/ATOH8/FOS/RELA/FOSL1/JUN/MRTFB/KCNQ1OT1",22
"GO:0030595","leukocyte chemotaxis","60/2859","201/15025",0.00013274630993961,0.00813545242344218,0.00691963310566011,"EDN1/CXCL2/MMP2/HSD3B7/RIN3/FLT1/CCL22/BST1/MDK/NEDD9/VEGFA/PIKFYVE/CSF3R/DUSP1/PTK2B/CCR2/CXCR4/PREX1/TREM1/IL1B/FFAR2/SBDS/NINJ1/EDNRB/IL10/THBS1/CH25H/CXCL9/ITGA9/PLA2G7/PTPRO/ADAM8/SLAMF8/JAML/CCR5/S100A9/S100A12/CXCL5/PPBP/CXCL1/NOD2/CXCL8/GPR183/S1PR1/VEGFB/CMKLR1/TMEM102/CCL13/CSF1R/CSF1/PDE4B/CNR2/PPIA/HRH1/C5AR1/CKLF/MIF/LYN/CCL18/CCL3L3",60
"GO:0043620","regulation of DNA-templated transcription in response to stress","19/2859","43/15025",0.00013806295106377,0.00837581903120211,0.00712407763436981,"BCLAF1/NEDD4/HMOX1/HIF1A/VEGFA/RPS6KA1/EGR1/CHD6/KLF2/ATF4/TP53/ATF3/MAPK7/CEBPB/RELA/DDIT3/RPS6KA3/JUN/MUC1",19
"GO:0031960","response to corticosteroid","44/2859","136/15025",0.00014030018886326,0.00842642934312752,0.00716712438477275,"CPS1/ATP2B1/PTGS2/EDN1/BCKDHB/PCK2/PLAT/PTGDS/AREG/CCND1/MDK/GHR/IGFBP2/SGK1/FOXO3/GOT1/FLT3/FOSB/ZFP36/PCNA/IL10/IL1RN/PARP1/PAM/ALAD/ADM/BCL2L11/AIFM1/ACE/CALM3/AGL/CLDN1/CYBB/DDIT4/FOS/BCL2/FOSL1/A2M/TYMS/GBA1/PAPPA/ZFP36L1/WNT7B/SRC",44
"GO:0070661","leukocyte proliferation","83/2859","300/15025",0.00015006626124152,0.00859651826578678,0.00731179402069216,"CD38/BID/IGF1/TNFRSF1B/TNFRSF9/CNN2/GAL/FCGR2B/TREM2/IL12RB1/CD40/ELF4/DNAJA3/CD276/RIPK2/IL27RA/RASAL3/JAK3/AHR/VSIR/PRKAR1A/BST1/CD81/PRLR/BCL6/HES1/IL1A/IGFBP2/TNFAIP3/HELLS/CD274/CLU/CCR2/FLT3/CDKN1A/IRF1/IL1B/TNFSF9/TICAM1/TWSG1/BST2/LILRB2/GPNMB/IL10/LRRC32/TP53/OCSTAMP/VSIG4/CD1D/ACE/ICOSLG/IKZF3/MNDA/PRDX2/CTNNB1/CCDC88B/IL7R/INPP5D/GPR183/JUNB/BCL2/LGALS9C/CEBPB/TRAF6/CLCF1/GBA1/SCRIB/CSF1R/TBK1/CLECL1P/CSF1/IRS2/CD55/ADA/SLC39A10/PELI1/SPN/PDCD1LG2/FCGR3A/AGER/MIF/LYN/RASSF5",83
"GO:0002931","response to ischemia","21/2859","50/15025",0.00015148603417589,0.00859651826578678,0.00731179402069216,"CASR/CAMK2A/PANX2/TREM2/EEF2K/PPIF/BVES/CPEB4/EGR1/PTK2B/PER2/TP53/UCHL1/AIFM1/PINK1/SQSTM1/BCL2/NQO1/CSF1R/CSF1/RNLS",21
"GO:0051985","negative regulation of chromosome segregation","21/2859","50/15025",0.00015148603417589,0.00859651826578678,0.00731179402069216,"SPDL1/TRIP13/BIRC5/FBXO5/CDC20/DUSP1/ZWINT/XRCC3/CCNB1/CDCA8/NUF2/INCENP/SPC25/BUB1B/SPC24/MAD2L1/PTTG1/PLK1/CDT1/BUB1/AURKB",21
"GO:1905819","negative regulation of chromosome separation","21/2859","50/15025",0.00015148603417589,0.00859651826578678,0.00731179402069216,"SPDL1/TRIP13/BIRC5/FBXO5/CDC20/DUSP1/ZWINT/XRCC3/CCNB1/CDCA8/NUF2/INCENP/SPC25/BUB1B/SPC24/MAD2L1/PTTG1/PLK1/CDT1/BUB1/AURKB",21
"GO:0045860","positive regulation of protein kinase activity","98/2859","366/15025",0.00015309235160448,0.00859651826578678,0.00731179402069216,"CAMKK1/TENM1/GPRC5A/IGF1/LCP2/ATP2B4/EDN1/WNT11/TPX2/DOCK3/CCNK/CLSPN/CDC6/CD40/RASSF2/ANGPT4/CAB39L/FLT1/PRKAG2/NEURL1/AREG/FBXW7/CCND1/MADD/CDKN1B/NEDD9/VEGFA/GHR/HBEGF/PRLR/PPP2CA/ACVR2B/KIF14/ITGB1BP1/MOB3B/EGR1/CLU/PTK2B/ADRA1A/PILRB/FLT3/CKS2/CDKN1A/EREG/IL1B/BMP2/AJUBA/MAS1/CHI3L1/CCNB1/CAMK1/AGAP2/AGT/TXN/THBS1/CENPE/PIK3R5/CALM2/INCENP/FCGR1A/ADAM8/ANGPT1/NRG1/NCF1/PINK1/ACE/CALM3/DDR2/S100A12/SPDYA/PRRC1/RICTOR/PHB1/NOD2/MOB3A/CKS1B/TRAF6/ERN1/CSF1R/EPGN/DAZAP2/IRAK1/CSF1/ZFP91/LILRA5/LRRK2/RELN/PPIA/SRC/DAXX/BMPR2/AGER/DDX3X/MIF/ITGB3/ADRA2B/SPDYE10/PIK3R6",98
"GO:0051101","regulation of DNA binding","38/2859","113/15025",0.0001597290151032,0.0087904002848674,0.00747670094510077,"PAX6/PLAUR/IGF1/SP100/BCL3/ZMPSTE24/HMOX1/EP300/NFKBIA/MMP9/E2F1/DOT1L/FBXW7/HES1/NEK2/HJURP/ID1/LIF/PER2/TXN/KLF4/MYOCD/PARP1/CALM2/ZNF462/CALM3/IFI16/HEY1/CDT1/CTNNB1/TRAF6/DDIT3/JUN/DAZAP2/ZBTB7C/H1-0/AGER/NME1",38
"GO:0031099","regeneration","51/2859","165/15025",0.00015983632432708,0.0087904002848674,0.00747670094510077,"IFRD1/CD9/IGF1/RTN4R/TGFBR3/MMP2/AURKA/HMOX1/SRSF5/PRPS2/KLF5/SLC7A5/PTPRS/CCND1/MDK/CD81/CDKN1B/PPARD/TNR/SPP1/FLT3/CDKN1A/GFAP/NINJ1/PCNA/PTGFRN/NREP/IL10/KLF4/PNPT1/ATIC/MAPK8IP3/DUSP10/CCNA2/BIN3/ADM/ACE/SELENON/CLDN1/NDEL1/CDK1/TMEM182/BCL2/CEBPB/UCP2/TYMS/ULK1/JUN/RGMA/FZD9/DHFR",51
"GO:0032508","DNA duplex unwinding","32/2859","90/15025",0.00016099634221368,0.0087904002848674,0.00747670094510077,"RECQL/RFC2/RAD51/POLQ/MCM2/MCM6/RAD54L/CDC45/MCM5/GINS1/MCM4/RFC5/MCM3/CHD6/MCM8/GINS2/TOP2A/RPA1/RFC3/DSCC1/G3BP1/GINS4/CHD1/SMARCAD1/RFC4/MCM7/CHD3/CHD2/GINS3/RUVBL2/BLM/DDX3X",32
"GO:0015908","fatty acid transport","29/2859","79/15025",0.00017018942886708,0.00906098735445527,0.00770684957694436,"CROT/EDN1/SLC25A17/PPARD/IL1A/PLA2G4A/FABP3/PLA2G12A/GOT2/IL1B/APOE/PNPLA8/EPRS1/THBS1/CRABP2/SLC27A3/PLIN2/PTGES/CPT2/ACE/RBP7/FABP5/SLC27A4/FABP4/IRS2/PLA2G2C/ACSL5/AVPR1B/MIF",29
"GO:0007346","regulation of mitotic cell cycle","119/2859","461/15025",0.00017047811705851,0.00906098735445527,0.00770684957694436,"KMT2E/CDK11A/ANLN/BID/IGF1/USP2/SPDL1/CDC42/TRIP13/GTSE1/EDN1/SMARCD3/CYLD/ZMPSTE24/ORC1/UIMC1/AURKA/BIRC5/CLSPN/CDC6/CDC23/MSH2/WAC/TTLL12/BMP7/E2F1/TRIM35/BCL7B/CCND1/CDKN1B/FBXO5/GMNN/HECA/PPP2CA/BCL6/HES1/TTL/IL1A/CDC20/SYF2/NEK2/RPA2/KIF14/CPSF3/NEK6/DUSP1/INHBA/ZWINT/CKS2/CDKN1A/EREG/IL1B/XRCC3/DLGAP5/PKMYT1/CDKN2D/CDKN1C/BTG1/CCNB1/CCNH/CDCA8/CDK4/GPNMB/ACTL6A/IL10/KLF4/NUSAP1/CENPE/TICRR/TP53/SIK1/NUF2/INTS3/FANCD2/CTDSPL/PLK2/PHIP/CDCA5/MKI67/INCENP/SPC25/EME1/SASS6/BUB1B/SPC24/DDR2/CDC25A/MAD2L1/PLK1/NKX3-1/RRM1/CDT1/CTNNB1/PBK/MECP2/BUB1/CDK1/PKIA/BCL2/RRM2/SLFN11/CKS1B/PLK3/UBE2C/CCDC57/AURKB/SCRIB/CACNB4/EPGN/PLCB1/GPR132/CDCA2/MUC1/BRCC3/ZFP36L1/ANAPC7/BLM/PIM3/DDX3X",119
"GO:0034440","lipid oxidation","36/2859","106/15025",0.00018802620203133,0.00981987277739312,0.0083523218165499,"PDK4/CROT/ADIPOR2/DGAT2/ACADVL/ABCB11/ACAT1/SLC25A17/DECR1/PRKAG2/PPARGC1A/PPARD/EHHADH/ACADM/ACAT2/FABP3/ACADS/ECHS1/IVD/HSD17B4/ALDH1L2/HADH/ETFA/PLA2G7/TYSND1/CPT2/CYGB/BDH2/ETFDH/MTLN/ALOX15B/IRS2/ADH5/ECI2/PLIN5/AMACR",36
